,treatment,gender,age,nationality,education,field_of_work,political_party,undefined_question_1,undefined_question_2,undefined_question_3,undefined_question_4,zsg_question_1,zsg_question_2,zsg_question_3,zsg_question_4,nzsg_question_1,nzsg_question_2,nzsg_question_3,nzsg_question_4,nbzsg_avg,nredist_avg,bzsg_factor,redist_factor,counter,diff_zs_nzs,avg_redist_amount,zero_redist
12,treatment_1,1.0,20.0,1.0,3.0,13.0,7.0,0.0,0.0,0.0,0.0,0.0,0.0,0.0,0.0,0.0,0.0,0.0,0.0,0.6666666666666666,0.6666666666666667,0.6119337806447989,0.7507762635369266,1,0.0,0.0,1
13,treatment_2,2.0,55.0,1.0,2.0,7.0,7.0,0.6666666666666666,0.0,0.0,0.0,0.6666666666666666,0.0,0.0,0.0,0.6666666666666666,0.0,0.0,0.0,0.4583333333333333,0.5,0.467020351590151,0.46595747682706407,1,0.0,0.0,1
14,treatment_3,2.0,34.0,3.0,1.0,12.0,1.0,0.3333333333333333,1.0,0.3,0.0,0.16666666666666666,0.0,0.0,0.0,0.16666666666666666,1.0,0.125,0.0,0.29166666666666663,0.5,0.26242614042878076,0.45980447163267496,1,-0.125,0.14166666666666666,0
15,treatment_4,1.0,47.0,1.0,1.0,12.0,6.0,0.5,1.0,0.5,0.5,0.3333333333333333,0.0,0.0,0.0,0.16666666666666666,0.0,0.0,0.0,0.16666666666666669,0.875,0.12120144446379912,0.8382357009752104,1,0.0,0.16666666666666666,0
16,treatment_5,1.0,50.0,1.0,1.0,8.0,1.0,0.16666666666666666,1.0,0.7,0.7,0.3333333333333333,1.0,0.28125,0.275,0.16666666666666666,0.0,0.0,0.0,0.29166666666666663,0.5,0.28385969516713844,0.5969913621249838,1,0.28125,0.32708333333333334,0
18,treatment_1,1.0,29.0,3.0,1.0,9.0,6.0,0.5,0.0,0.0,0.0,0.3333333333333333,0.0,0.0,0.0,0.0,0.0,0.0,0.0,0.47916666666666663,0.29166666666666663,0.5097049567729013,0.18938528502417457,1,0.0,0.0,1
19,treatment_2,1.0,47.0,1.0,1.0,12.0,6.0,0.3333333333333333,0.0,0.0,0.0,0.3333333333333333,0.0,0.0,0.0,0.16666666666666666,0.0,0.0,0.0,0.10416666666666666,0.33333333333333337,0.0935623484460855,0.360647256410212,1,0.0,0.0,1
20,treatment_3,1.0,51.0,1.0,1.0,12.0,6.0,0.5,0.0,0.0,0.0,0.16666666666666666,0.0,0.0,0.0,0.16666666666666666,0.0,0.0,0.0,0.5833333333333333,1.0,0.571561384626469,1.000000239946416,1,0.0,0.0,1
21,treatment_4,1.0,29.0,1.0,1.0,8.0,6.0,0.3333333333333333,1.0,0.2,0.0,0.16666666666666666,0.0,0.0,0.0,0.0,0.0,0.0,0.0,0.4791666666666667,0.9166666666666666,0.5051398953873083,0.885192587114732,1,0.0,0.06666666666666667,0
22,treatment_5,2.0,34.0,1.0,2.0,5.0,6.0,0.6666666666666666,1.0,0.6,0.0,0.6666666666666666,0.0,0.0,0.0,0.6666666666666666,0.0,0.0,0.0,0.4166666666666667,0.7083333333333333,0.48710716100461465,0.6313733459769413,1,0.0,0.19999999999999998,0
23,treatment_6,2.0,30.0,1.0,1.0,13.0,6.0,0.5,0.0,0.0,0.0,0.3333333333333333,0.0,0.0,0.0,0.16666666666666666,0.0,0.0,0.0,0.22916666666666666,0.5833333333333334,0.1864785521335363,0.5939138922522513,1,0.0,0.0,1
24,treatment_1,1.0,52.0,1.0,1.0,8.0,6.0,0.8333333333333334,1.0,0.49375,0.52375,0.5,1.0,0.38,0.18,0.3333333333333333,0.0,0.0,0.0,0.5625,0.7083333333333334,0.5803519005861544,0.6147734005062319,1,0.38,0.29125,0
25,treatment_2,2.0,55.0,1.0,1.0,4.0,6.0,0.8333333333333334,1.0,0.2725,0.12625,0.3333333333333333,0.0,0.0,0.0,0.6666666666666666,0.0,0.0,0.0,0.27083333333333337,0.9166666666666667,0.25997532013973884,0.8913455923091212,1,0.0,0.09083333333333334,0
26,treatment_3,2.0,21.0,1.0,3.0,13.0,7.0,0.6666666666666666,0.0,0.0,0.0,0.8333333333333334,0.0,0.0,0.0,0.16666666666666666,0.0,0.0,0.0,0.37499999999999994,0.5416666666666666,0.39513733408681695,0.6860029667174967,1,0.0,0.0,1
27,treatment_4,2.0,20.0,1.0,1.0,13.0,6.0,0.16666666666666666,0.0,0.0,0.0,0.6666666666666666,1.0,0.35,0.35,0.6666666666666666,1.0,0.50875,0.5,0.6041666666666667,0.75,0.6726865183848101,0.7182589231092859,1,-0.15875000000000006,0.28625,0
28,treatment_5,2.0,29.0,1.0,1.0,12.0,6.0,0.6666666666666666,1.0,0.65,0.7,0.8333333333333334,1.0,0.2975,0.19625,0.3333333333333333,1.0,0.3,0.14,0.2708333333333333,0.7083333333333334,0.2453615456438176,0.6795810696243219,1,-0.0025000000000000022,0.41583333333333333,0
29,treatment_6,2.0,27.0,1.0,1.0,9.0,5.0,0.16666666666666666,1.0,0.65,1.0,0.3333333333333333,1.0,0.37875,0.0,0.0,0.0,0.0,0.0,0.4166666666666667,0.7916666666666666,0.39887113467728097,0.8643330788607518,1,0.37875,0.3429166666666667,0
30,treatment_1,2.0,23.0,1.0,3.0,13.0,7.0,0.8333333333333334,0.0,0.0,0.0,0.0,0.0,0.0,0.0,0.0,0.0,0.0,0.0,0.4583333333333333,0.7083333333333334,0.42642029435406537,0.8149088900041725,1,0.0,0.0,1
31,treatment_2,2.0,24.0,1.0,3.0,13.0,7.0,0.5,1.0,0.315,0.18875,0.16666666666666666,0.0,0.0,0.0,0.16666666666666666,0.0,0.0,0.0,0.4791666666666667,0.7916666666666667,0.47715076950960095,0.908822662283216,1,0.0,0.105,0
32,treatment_3,1.0,32.0,2.0,1.0,11.0,4.0,0.0,0.0,0.0,0.0,0.0,0.0,0.0,0.0,0.0,0.0,0.0,0.0,0.20833333333333331,0.45833333333333337,0.20346668243774008,0.4091294452682369,1,0.0,0.0,1
33,treatment_4,1.0,40.0,2.0,1.0,11.0,6.0,0.16666666666666666,0.0,0.0,0.0,0.16666666666666666,0.0,0.0,0.0,0.16666666666666666,0.0,0.0,0.0,0.5625,0.5,0.5570940793935263,0.500000119973208,1,0.0,0.0,1
34,treatment_5,1.0,33.0,1.0,1.0,10.0,6.0,0.6666666666666666,1.0,0.5,0.5,0.6666666666666666,1.0,0.5,0.5,0.6666666666666666,1.0,0.5,0.5,0.5,0.8333333333333334,0.4986815436937093,0.7808318745593684,1,0.0,0.5,1
35,treatment_6,1.0,44.0,1.0,1.0,12.0,6.0,0.8333333333333334,0.0,0.0,0.0,0.8333333333333334,0.0,0.0,0.0,0.3333333333333333,1.0,0.2,0.2,0.3333333333333333,0.5833333333333333,0.3377010998937127,0.5641651841880385,1,-0.2,0.06666666666666667,0
36,treatment_1,1.0,49.0,1.0,1.0,9.0,6.0,0.5,0.0,0.0,0.0,0.0,0.0,0.0,0.0,0.16666666666666666,0.0,0.0,0.0,0.125,0.33333333333333337,0.11048435889053977,0.21088739818141447,1,0.0,0.0,1
37,treatment_2,1.0,47.0,1.0,1.0,5.0,6.0,0.5,0.0,0.0,0.0,0.0,0.0,0.0,0.0,0.0,0.0,0.0,0.0,0.22916666666666669,0.2916666666666667,0.1723007023696832,0.38522683944018427,1,0.0,0.0,1
39,treatment_4,1.0,28.0,1.0,2.0,13.0,6.0,0.6666666666666666,1.0,0.5,0.5,0.8333333333333334,1.0,0.5,0.5,0.8333333333333334,1.0,0.49875,0.49875,0.7708333333333334,0.875,0.8157030234618794,0.8277887606988901,1,0.0012499999999999734,0.4995833333333333,0
40,treatment_5,2.0,52.0,1.0,1.0,12.0,7.0,0.5,0.0,0.0,0.0,0.5,0.0,0.0,0.0,0.5,0.0,0.0,0.0,0.33333333333333337,0.7083333333333334,0.38823056318414534,0.6734280644299327,1,0.0,0.0,1
43,treatment_2,2.0,34.0,2.0,1.0,9.0,5.0,0.6666666666666666,1.0,0.37625,0.185,0.16666666666666666,1.0,0.1,0.0,0.8333333333333334,1.0,0.45,0.75,0.4375,0.9583333333333334,0.43641005731891314,0.9487494187249633,1,-0.35,0.30875,0
44,treatment_3,1.0,39.0,1.0,1.0,11.0,7.0,0.5,0.0,0.0,0.0,1.0,0.0,0.0,0.0,0.3333333333333333,0.0,0.0,0.0,0.4375,0.9166666666666666,0.45119515889629785,0.977889894184577,1,0.0,0.0,1
45,treatment_4,2.0,55.0,1.0,1.0,10.0,1.0,0.3333333333333333,0.0,0.0,0.0,0.3333333333333333,0.0,0.0,0.0,0.3333333333333333,1.0,0.11625,0.0,0.2708333333333333,0.75,0.23275639579239948,0.6801893022289212,1,-0.11625,0.03875,0
46,treatment_5,2.0,51.0,1.0,1.0,10.0,1.0,0.3333333333333333,1.0,0.85,1.0,0.5,0.0,0.0,0.0,0.16666666666666666,0.0,0.0,0.0,0.16666666666666666,0.375,0.15761484784699317,0.2980399326614693,1,0.0,0.2833333333333333,0
47,treatment_6,2.0,24.0,1.0,1.0,10.0,6.0,0.3333333333333333,0.0,0.0,0.0,0.6666666666666666,1.0,0.25,0.0,0.0,0.0,0.0,0.0,0.375,0.8333333333333333,0.38260627372735956,0.8839761219055334,1,0.25,0.08333333333333333,0
48,treatment_1,2.0,18.0,3.0,5.0,11.0,8.0,0.0,1.0,0.0,0.0,0.0,0.0,0.0,0.0,0.16666666666666666,0.0,0.0,0.0,0.375,0.5,0.3535323023539494,0.626164275332182,1,0.0,0.0,1
50,treatment_3,2.0,58.0,1.0,3.0,12.0,6.0,0.16666666666666666,0.0,0.0,0.0,0.3333333333333333,0.0,0.0,0.0,0.6666666666666666,1.0,0.365,0.12625,0.41666666666666663,0.875,0.42052424030749186,0.8400947710876686,1,-0.365,0.12166666666666666,0
51,treatment_4,2.0,44.0,1.0,1.0,11.0,5.0,0.5,0.0,0.0,0.0,0.5,0.0,0.0,0.0,0.5,0.0,0.0,0.0,0.5625,0.8333333333333334,0.5694720292329991,0.793137884948147,1,0.0,0.0,1
52,treatment_5,1.0,63.0,1.0,1.0,11.0,5.0,0.6666666666666666,1.0,0.5,0.6,0.6666666666666666,1.0,0.50375,0.40125,0.3333333333333333,0.0,0.0,0.0,0.7291666666666666,0.8750000000000001,0.7841401141591594,0.8802904194282017,1,0.50375,0.3345833333333334,0
53,treatment_6,1.0,23.0,1.0,3.0,13.0,4.0,0.16666666666666666,1.0,0.45,0.75,0.16666666666666666,1.0,0.37,0.23,0.16666666666666666,1.0,0.28,0.18,0.3125,0.8333333333333334,0.25122891244143813,0.8351926034011383,1,0.08999999999999997,0.3666666666666667,0
54,treatment_1,2.0,30.0,1.0,1.0,11.0,1.0,0.3333333333333333,1.0,0.24125,0.7625,0.3333333333333333,0.0,0.0,0.0,0.3333333333333333,0.0,0.0,0.0,0.47916666666666663,0.875,0.4809449242096565,0.8505417113639889,1,0.0,0.08041666666666666,0
55,treatment_2,2.0,23.0,1.0,1.0,13.0,6.0,0.3333333333333333,0.0,0.0,0.0,0.16666666666666666,0.0,0.0,0.0,0.16666666666666666,0.0,0.0,0.0,0.5833333333333334,0.9166666666666667,0.5939310854004257,0.9017925325854417,1,0.0,0.0,1
56,treatment_3,1.0,59.0,1.0,4.0,12.0,7.0,0.16666666666666666,0.0,0.0,0.0,0.0,0.0,0.0,0.0,0.0,0.0,0.0,0.0,0.2916666666666667,0.5833333333333334,0.319694533985754,0.5196756007655743,1,0.0,0.0,1
57,treatment_4,1.0,47.0,1.0,2.0,12.0,7.0,0.5,0.0,0.0,0.0,0.5,0.0,0.0,0.0,0.5,0.0,0.0,0.0,0.6666666666666666,0.5833333333333334,0.66666674820135,0.6445564808691048,1,0.0,0.0,1
58,treatment_5,1.0,19.0,1.0,3.0,13.0,6.0,0.16666666666666666,0.0,0.0,0.0,0.16666666666666666,0.0,0.0,0.0,0.16666666666666666,0.0,0.0,0.0,0.7083333333333333,0.6666666666666666,0.7421069470163437,0.6789728370197224,1,0.0,0.0,1
59,treatment_6,1.0,62.0,1.0,4.0,2.0,1.0,0.3333333333333333,0.0,0.0,0.0,0.16666666666666666,0.0,0.0,0.0,0.16666666666666666,0.0,0.0,0.0,0.33333333333333337,0.41666666666666663,0.3420249163632368,0.4036514827246917,1,0.0,0.0,1
60,treatment_1,1.0,72.0,1.0,2.0,14.0,2.0,0.3333333333333333,1.0,0.365,0.26375,0.5,0.0,0.0,0.0,0.5,0.0,0.0,0.0,0.3333333333333333,0.41666666666666663,0.33397997282844843,0.3152481107367781,1,0.0,0.12166666666666666,0
61,treatment_2,2.0,57.0,1.0,1.0,7.0,1.0,0.8333333333333334,1.0,0.395,0.25,0.6666666666666666,1.0,0.2,0.1,0.3333333333333333,0.0,0.0,0.0,0.20833333333333331,0.45833333333333337,0.1872876466090075,0.4251535958819317,1,0.2,0.19833333333333333,0
62,treatment_3,2.0,25.0,1.0,1.0,13.0,6.0,0.6666666666666666,0.0,0.0,0.0,0.5,0.0,0.0,0.0,0.6666666666666666,0.0,0.0,0.0,0.5416666666666667,0.9583333333333334,0.5549853027518874,0.9487494187249633,1,0.0,0.0,1
63,treatment_4,1.0,19.0,1.0,3.0,13.0,7.0,0.3333333333333333,0.0,0.0,0.0,0.3333333333333333,0.0,0.0,0.0,0.6666666666666666,1.0,0.25,0.0625,0.375,0.75,0.37775167679339194,0.7246788856513854,1,-0.25,0.08333333333333333,0
64,treatment_5,2.0,24.0,1.0,1.0,8.0,4.0,0.8333333333333334,1.0,0.25,0.1,0.3333333333333333,1.0,0.3675,0.24125,0.16666666666666666,1.0,0.4,0.16,0.5208333333333334,0.8333333333333334,0.5779785876130952,0.9198778351641356,1,-0.03250000000000003,0.33916666666666667,0
65,treatment_6,1.0,26.0,1.0,1.0,12.0,4.0,0.5,1.0,0.4,0.0,0.16666666666666666,0.0,0.0,0.0,0.16666666666666666,0.0,0.0,0.0,0.20833333333333331,0.7916666666666667,0.21275106690980616,0.7777887769852962,1,0.0,0.13333333333333333,0
66,treatment_1,1.0,55.0,1.0,2.0,8.0,4.0,0.3333333333333333,0.0,0.0,0.0,0.3333333333333333,0.0,0.0,0.0,0.3333333333333333,0.0,0.0,0.0,0.12499999999999999,0.20833333333333331,0.14803609884279112,0.17772187953865562,1,0.0,0.0,1
67,treatment_2,1.0,25.0,1.0,1.0,8.0,5.0,0.3333333333333333,1.0,0.4,0.25,0.5,0.0,0.0,0.0,0.5,0.0,0.0,0.0,0.14583333333333331,0.875,0.13199685669190314,0.9668347213036573,1,0.0,0.13333333333333333,0
68,treatment_3,2.0,26.0,1.0,1.0,13.0,5.0,0.5,0.0,0.0,0.0,0.6666666666666666,1.0,0.5,0.5,0.6666666666666666,1.0,0.49875,0.49625,0.2708333333333333,0.75,0.28090170531081526,0.6887771723927832,1,0.0012499999999999734,0.3329166666666667,0
69,treatment_4,2.0,25.0,1.0,3.0,13.0,1.0,0.3333333333333333,1.0,0.36,0.3,0.16666666666666666,0.0,0.0,0.0,0.3333333333333333,1.0,0.25375,0.0,0.37499999999999994,0.8750000000000001,0.37804055134868425,0.8907373597045222,1,-0.25375,0.20458333333333334,0
70,treatment_5,1.0,66.0,1.0,3.0,5.0,6.0,0.5,1.0,0.5,0.75,0.5,1.0,0.5,0.39375,0.5,1.0,0.5,0.4,0.2916666666666667,0.8333333333333334,0.2932966906276682,0.801725755112009,1,0.0,0.5,1
71,treatment_6,2.0,22.0,3.0,1.0,10.0,8.0,0.16666666666666666,0.0,0.0,0.0,0.5,1.0,0.54,0.66625,0.16666666666666666,0.0,0.0,0.0,0.5,0.49999999999999994,0.4693163252515874,0.5463487735081303,1,0.54,0.18000000000000002,0
72,treatment_1,2.0,47.0,2.0,1.0,1.0,6.0,0.16666666666666666,0.0,0.0,0.0,0.16666666666666666,0.0,0.0,0.0,0.3333333333333333,1.0,0.75,0.85,0.3125,0.8333333333333334,0.3197937869330858,0.9557795484227376,1,-0.75,0.25,0
73,treatment_2,1.0,40.0,1.0,2.0,12.0,6.0,0.6666666666666666,0.0,0.0,0.0,0.6666666666666666,0.0,0.0,0.0,0.6666666666666666,0.0,0.0,0.0,0.24999999999999997,0.5,0.24614195287033572,0.46839234179653705,1,0.0,0.0,1
74,treatment_3,1.0,55.0,1.0,1.0,8.0,6.0,0.3333333333333333,1.0,0.4,0.3,0.16666666666666666,0.0,0.0,0.0,0.3333333333333333,1.0,0.24875,0.06125,0.25,0.625,0.2283792836420737,0.5709264219870271,1,-0.24875,0.21625000000000003,0
75,treatment_4,2.0,27.0,3.0,5.0,5.0,8.0,0.5,1.0,0.62,0.96,0.8333333333333334,0.0,0.0,0.0,0.3333333333333333,0.0,0.0,0.0,0.4375,0.5,0.4457409707268657,0.45980447163267496,1,0.0,0.20666666666666667,0
76,treatment_5,2.0,29.0,1.0,1.0,8.0,7.0,0.6666666666666666,1.0,0.25,0.1,0.16666666666666666,0.0,0.0,0.0,0.16666666666666666,0.0,0.0,0.0,0.4375,0.7916666666666667,0.4446781466358262,0.8624740087482936,1,0.0,0.08333333333333333,0
77,treatment_6,1.0,21.0,3.0,3.0,15.0,8.0,1.0,0.0,0.0,0.0,0.0,0.0,0.0,0.0,0.0,0.0,0.0,0.0,0.16666666666666666,0.4583333333333333,0.1517537949547244,0.5202857679212493,1,0.0,0.0,1
78,treatment_1,2.0,23.0,1.0,3.0,15.0,6.0,0.3333333333333333,0.0,0.0,0.0,0.16666666666666666,0.0,0.0,0.0,0.16666666666666666,1.0,0.25,0.1,0.5416666666666666,0.5833333333333334,0.5117794157917889,0.6464155509815629,1,-0.25,0.08333333333333333,0
79,treatment_2,1.0,24.0,1.0,3.0,15.0,6.0,0.6666666666666666,1.0,0.4275,0.22375,0.16666666666666666,0.0,0.0,0.0,0.16666666666666666,0.0,0.0,0.0,0.3125,0.2916666666666667,0.3053093412547179,0.3056782949638429,1,0.0,0.1425,0
80,treatment_3,1.0,30.0,3.0,1.0,8.0,4.0,0.16666666666666666,0.0,0.0,0.0,0.16666666666666666,0.0,0.0,0.0,0.16666666666666666,0.0,0.0,0.0,0.6875000000000001,0.875,0.6944686299989596,0.9204860677687349,1,0.0,0.0,1
81,treatment_4,2.0,22.0,1.0,1.0,7.0,6.0,0.8333333333333334,1.0,0.5,0.48,0.8333333333333334,1.0,0.2,0.6,0.5,0.0,0.0,0.0,0.22916666666666666,0.75,0.232122848915442,0.9336692026608985,1,0.2,0.2333333333333333,0
82,treatment_5,1.0,32.0,1.0,1.0,9.0,6.0,0.5,1.0,0.5,0.5,0.5,1.0,0.49875,0.49625,0.3333333333333333,0.0,0.0,0.0,0.3333333333333333,0.9583333333333334,0.30884922407664867,0.9530433538068944,1,0.49875,0.3329166666666667,0
83,treatment_6,2.0,34.0,1.0,1.0,12.0,2.0,0.5,0.0,0.0,0.0,0.16666666666666666,0.0,0.0,0.0,0.16666666666666666,0.0,0.0,0.0,0.2708333333333333,0.4583333333333333,0.2343148411492742,0.4444553636698242,1,0.0,0.0,1
84,treatment_1,3.0,30.0,1.0,1.0,11.0,6.0,0.5,0.0,0.0,0.0,0.6666666666666666,0.0,0.0,0.0,0.5,0.0,0.0,0.0,0.5,0.9583333333333334,0.48485793554187295,0.9530433538068944,1,0.0,0.0,1
85,treatment_2,1.0,38.0,1.0,1.0,7.0,4.0,0.5,0.0,0.0,0.0,0.5,0.0,0.0,0.0,0.5,0.0,0.0,0.0,0.10416666666666666,0.41666666666666663,0.09478756723043893,0.3364089486371289,1,0.0,0.0,1
86,treatment_3,1.0,25.0,1.0,1.0,4.0,6.0,0.6666666666666666,1.0,0.3,0.2,0.6666666666666666,1.0,0.6,0.75,0.6666666666666666,1.0,0.30625,0.245,0.3958333333333333,0.7916666666666667,0.43238003927750635,0.7820827120672275,1,0.29374999999999996,0.40208333333333335,0
87,treatment_4,2.0,63.0,1.0,5.0,10.0,6.0,0.16666666666666666,0.0,0.0,0.0,0.16666666666666666,0.0,0.0,0.0,0.16666666666666666,0.0,0.0,0.0,0.20833333333333331,0.7083333333333333,0.2040389262286382,0.658420231723971,1,0.0,0.0,1
88,treatment_5,1.0,29.0,1.0,1.0,11.0,7.0,0.0,0.0,0.0,0.0,0.16666666666666666,0.0,0.0,0.0,0.8333333333333334,1.0,0.5,0.5,0.43750000000000006,0.6666666666666667,0.439741161426638,0.6246121081779528,1,-0.5,0.16666666666666666,0
89,treatment_6,1.0,25.0,1.0,1.0,11.0,6.0,0.8333333333333334,1.0,0.5,0.5,0.8333333333333334,1.0,0.49375,0.50125,0.8333333333333334,1.0,0.5,0.5,0.25,0.9583333333333334,0.23096499004383192,0.9530433538068944,1,-0.006249999999999978,0.4979166666666666,0
90,treatment_1,1.0,40.0,1.0,1.0,7.0,4.0,0.5,0.0,0.0,0.0,0.16666666666666666,0.0,0.0,0.0,0.16666666666666666,0.0,0.0,0.0,0.39583333333333326,0.4166666666666667,0.4058671814786939,0.37660459697766197,1,0.0,0.0,1
91,treatment_2,3.0,46.0,1.0,1.0,10.0,5.0,0.8333333333333334,1.0,0.50125,0.0,0.8333333333333334,1.0,0.36,0.5,0.8333333333333334,1.0,0.5,0.5,0.5625,0.8333333333333333,0.6372521591044383,0.7703849342830482,1,-0.14,0.45375000000000004,0
92,treatment_3,2.0,29.0,3.0,1.0,13.0,8.0,0.0,0.0,0.0,0.0,0.16666666666666666,0.0,0.0,0.0,0.16666666666666666,0.0,0.0,0.0,0.3541666666666667,0.7916666666666666,0.455052170875475,0.7357340585323049,1,0.0,0.0,1
93,treatment_4,2.0,20.0,3.0,3.0,11.0,8.0,0.16666666666666666,0.0,0.0,0.0,0.16666666666666666,0.0,0.0,0.0,0.16666666666666666,1.0,0.0,0.0,0.4166666666666667,0.5416666666666666,0.4111560847661196,0.6482421833464367,1,0.0,0.0,1
94,treatment_5,2.0,60.0,1.0,1.0,14.0,2.0,0.8333333333333334,1.0,0.5,0.5,0.3333333333333333,0.0,0.0,0.0,1.0,1.0,0.5,0.58,0.3958333333333333,0.8333333333333333,0.3920139699254942,0.7703849342830482,1,-0.5,0.3333333333333333,0
95,treatment_6,2.0,44.0,3.0,1.0,5.0,1.0,0.3333333333333333,1.0,0.0,0.0,0.3333333333333333,1.0,0.4825,0.515,0.3333333333333333,0.0,0.0,0.0,0.47916666666666663,0.4583333333333333,0.5094492634066375,0.45304323383368633,1,0.4825,0.16083333333333333,0
96,treatment_1,1.0,32.0,1.0,4.0,4.0,7.0,0.16666666666666666,1.0,0.75,0.9325,0.16666666666666666,1.0,0.56,0.58,0.16666666666666666,1.0,0.45,0.55,0.3333333333333333,0.6666666666666667,0.3324807842950862,0.7087215450839354,1,0.11000000000000004,0.5866666666666667,0
97,treatment_2,2.0,24.0,1.0,3.0,13.0,5.0,0.16666666666666666,0.0,0.0,0.0,0.0,0.0,0.0,0.0,0.0,0.0,0.0,0.0,0.49999999999999994,0.875,0.5502671829210531,0.8277887606988901,1,0.0,0.0,1
98,treatment_3,2.0,55.0,1.0,4.0,2.0,2.0,0.3333333333333333,0.0,0.0,0.0,0.5,0.0,0.0,0.0,0.6666666666666666,1.0,0.53375,0.14625,0.5,0.7083333333333334,0.4852697224570649,0.8001680146459211,1,-0.53375,0.17791666666666664,0
99,treatment_4,1.0,70.0,1.0,2.0,5.0,2.0,0.16666666666666666,0.0,0.0,0.0,0.0,0.0,0.0,0.0,0.0,0.0,0.0,0.0,0.3125,0.9166666666666666,0.29356016510191907,0.977889894184577,1,0.0,0.0,1
100,treatment_5,2.0,51.0,1.0,2.0,4.0,6.0,0.5,0.0,0.0,0.0,0.5,1.0,0.22125,0.57125,0.5,0.0,0.0,0.0,0.10416666666666666,0.6666666666666666,0.10106023623263051,0.6918546422655157,1,0.22125,0.07375,0
101,treatment_6,1.0,30.0,1.0,4.0,4.0,1.0,0.5,0.0,0.0,0.0,0.0,0.0,0.0,0.0,0.16666666666666666,0.0,0.0,0.0,0.5416666666666666,0.7083333333333333,0.4685906396753889,0.7345175933231064,1,0.0,0.0,1
102,treatment_1,2.0,53.0,1.0,1.0,10.0,6.0,0.16666666666666666,0.0,0.0,0.0,0.5,0.0,0.0,0.0,0.0,0.0,0.0,0.0,0.6041666666666666,0.7499999999999999,0.6555024692131279,0.7605805989099874,1,0.0,0.0,1
103,treatment_2,2.0,56.0,1.0,3.0,15.0,4.0,0.3333333333333333,0.0,0.0,0.0,0.16666666666666666,0.0,0.0,0.0,0.16666666666666666,0.0,0.0,0.0,0.2708333333333333,0.45833333333333326,0.2665017044986146,0.406694580298764,1,0.0,0.0,1
104,treatment_3,2.0,56.0,1.0,2.0,5.0,6.0,0.5,0.0,0.0,0.0,0.3333333333333333,0.0,0.0,0.0,0.16666666666666666,0.0,0.0,0.0,0.20833333333333334,0.5833333333333333,0.18086918259428883,0.7013520746803475,1,0.0,0.0,1
105,treatment_4,2.0,58.0,1.0,4.0,5.0,1.0,0.5,0.0,0.0,0.0,0.0,0.0,0.0,0.0,0.16666666666666666,0.0,0.0,0.0,0.10416666666666666,0.9166666666666666,0.07550245540171273,0.977889894184577,1,0.0,0.0,1
106,treatment_5,1.0,36.0,3.0,2.0,2.0,8.0,0.5,0.0,0.0,0.0,0.5,0.0,0.0,0.0,0.5,0.0,0.0,0.0,0.4375,0.75,0.44865363841946626,0.9336692026608985,1,0.0,0.0,1
107,treatment_6,1.0,37.0,3.0,1.0,9.0,6.0,0.16666666666666666,0.0,0.0,0.0,0.16666666666666666,0.0,0.0,0.0,0.16666666666666666,0.0,0.0,0.0,0.3125,0.75,0.30836359855405027,0.7710275391863077,1,0.0,0.0,1
108,treatment_1,2.0,23.0,1.0,2.0,13.0,2.0,0.3333333333333333,0.0,0.0,0.0,0.3333333333333333,0.0,0.0,0.0,0.16666666666666666,0.0,0.0,0.0,0.375,0.5416666666666667,0.36035035473169097,0.4164989156718248,1,0.0,0.0,1
109,treatment_2,2.0,21.0,1.0,3.0,10.0,2.0,0.6666666666666666,0.0,0.0,0.0,0.5,0.0,0.0,0.0,0.5,0.0,0.0,0.0,0.3958333333333333,0.49999999999999994,0.4746455631648199,0.5334669682623372,1,0.0,0.0,1
110,treatment_3,2.0,23.0,1.0,3.0,13.0,5.0,0.6666666666666666,1.0,0.26,0.0,0.16666666666666666,0.0,0.0,0.0,0.3333333333333333,0.0,0.0,0.0,0.47916666666666663,0.9166666666666666,0.4881210624763224,0.9060864676673727,1,0.0,0.08666666666666667,0
111,treatment_4,1.0,47.0,1.0,1.0,12.0,6.0,0.3333333333333333,1.0,0.3,0.0,0.8333333333333334,1.0,0.25,0.25,0.16666666666666666,0.0,0.0,0.0,0.5,0.6666666666666667,0.5066533924703142,0.6160242380140907,1,0.25,0.18333333333333335,0
112,treatment_5,2.0,19.0,1.0,3.0,13.0,6.0,0.5,1.0,0.5,0.5,0.5,1.0,0.5,0.5,0.5,1.0,0.5,0.5,0.39583333333333337,0.8333333333333334,0.4094627277317839,0.8333335332886801,1,0.0,0.5,1
113,treatment_6,2.0,28.0,1.0,1.0,8.0,6.0,1.0,0.0,0.0,0.0,0.5,0.0,0.0,0.0,0.5,0.0,0.0,0.0,0.0625,0.7916666666666666,0.04509617569662879,0.7400279936142359,1,0.0,0.0,1
114,treatment_1,2.0,66.0,1.0,2.0,14.0,6.0,0.3333333333333333,0.0,0.0,0.0,0.3333333333333333,0.0,0.0,0.0,0.3333333333333333,0.0,0.0,0.0,0.4375,0.125,0.44698617741430124,0.03316551864275884,1,0.0,0.0,1
115,treatment_2,2.0,53.0,1.0,4.0,15.0,8.0,0.6666666666666666,0.0,0.0,0.0,0.16666666666666666,0.0,0.0,0.0,0.6666666666666666,1.0,0.25,0.0,0.625,0.75,0.677777135206514,0.8618657761436942,1,-0.25,0.08333333333333333,0
116,treatment_3,2.0,22.0,3.0,3.0,13.0,8.0,1.0,1.0,0.4,0.3,0.16666666666666666,0.0,0.0,0.0,0.16666666666666666,0.0,0.0,0.0,0.4791666666666667,0.4583333333333333,0.5021962140806288,0.49695702239913575,1,0.0,0.13333333333333333,0
117,treatment_4,1.0,20.0,1.0,3.0,13.0,6.0,0.16666666666666666,0.0,0.0,0.0,0.16666666666666666,0.0,0.0,0.0,0.16666666666666666,0.0,0.0,0.0,0.4375,0.9583333333333334,0.44584601401163915,0.9487494187249633,1,0.0,0.0,1
118,treatment_5,1.0,21.0,1.0,3.0,13.0,2.0,0.16666666666666666,0.0,0.0,0.0,0.16666666666666666,0.0,0.0,0.0,0.16666666666666666,0.0,0.0,0.0,0.6875000000000001,0.5416666666666666,0.7345665586334582,0.5975995947295831,1,0.0,0.0,1
119,treatment_6,2.0,34.0,2.0,1.0,10.0,1.0,0.16666666666666666,0.0,0.0,0.0,0.16666666666666666,0.0,0.0,0.0,0.16666666666666666,0.0,0.0,0.0,0.5416666666666666,0.5416666666666667,0.5439824391116613,0.4979065302606242,1,0.0,0.0,1
120,treatment_1,2.0,25.0,1.0,3.0,10.0,2.0,0.0,0.0,0.0,0.0,0.0,0.0,0.0,0.0,0.0,0.0,0.0,0.0,0.4583333333333333,0.625,0.48040742449439533,0.6593297939749407,1,0.0,0.0,1
121,treatment_2,2.0,19.0,3.0,3.0,15.0,8.0,0.3333333333333333,0.0,0.0,0.0,0.5,1.0,0.4,0.56,0.5,0.0,0.0,0.0,0.5625,0.5,0.52265073747713,0.5147409953314593,1,0.4,0.13333333333333333,0
122,treatment_3,1.0,25.0,1.0,1.0,13.0,6.0,0.6666666666666666,0.0,0.0,0.0,0.16666666666666666,0.0,0.0,0.0,0.16666666666666666,0.0,0.0,0.0,0.2916666666666667,0.41666666666666663,0.27695758214148275,0.3511498239953802,1,0.0,0.0,1
123,treatment_4,2.0,56.0,1.0,4.0,14.0,6.0,0.3333333333333333,0.0,0.0,0.0,0.16666666666666666,0.0,0.0,0.0,0.6666666666666666,1.0,0.37625,0.225,0.2916666666666667,0.5833333333333334,0.2797367523426355,0.5325574060113675,1,-0.37625,0.12541666666666665,0
124,treatment_5,2.0,66.0,1.0,1.0,14.0,7.0,0.5,0.0,0.0,0.0,0.3333333333333333,0.0,0.0,0.0,0.5,0.0,0.0,0.0,0.375,0.875,0.31651210784257705,0.8864434246225911,1,0.0,0.0,1
125,treatment_6,1.0,30.0,1.0,1.0,13.0,4.0,0.16666666666666666,0.0,0.0,0.0,0.16666666666666666,0.0,0.0,0.0,0.16666666666666666,0.0,0.0,0.0,0.4166666666666667,0.625,0.40081079737478814,0.5629143466801798,1,0.0,0.0,1
126,treatment_1,2.0,44.0,1.0,4.0,10.0,2.0,0.5,1.0,0.40875,0.2125,0.3333333333333333,0.0,0.0,0.0,0.16666666666666666,0.0,0.0,0.0,0.6458333333333333,0.5833333333333334,0.6396058811536344,0.5089617031415439,1,0.0,0.13625,0
127,treatment_2,2.0,21.0,1.0,1.0,13.0,2.0,0.8333333333333334,1.0,0.3725,0.24875,0.16666666666666666,0.0,0.0,0.0,0.16666666666666666,0.0,0.0,0.0,0.3541666666666667,0.5,0.359886905662223,0.4466557090391715,1,0.0,0.12416666666666666,0
128,treatment_3,2.0,24.0,1.0,1.0,13.0,6.0,0.16666666666666666,0.0,0.0,0.0,0.16666666666666666,0.0,0.0,0.0,0.16666666666666666,0.0,0.0,0.0,0.5,0.9166666666666666,0.46298384440236084,0.885192587114732,1,0.0,0.0,1
129,treatment_4,2.0,27.0,1.0,1.0,11.0,5.0,0.16666666666666666,0.0,0.0,0.0,0.16666666666666666,0.0,0.0,0.0,0.16666666666666666,1.0,0.2475,0.0,0.20833333333333334,0.7083333333333334,0.20381030323063562,0.6795810696243219,1,-0.2475,0.0825,0
130,treatment_5,1.0,22.0,1.0,1.0,13.0,2.0,0.16666666666666666,0.0,0.0,0.0,0.6666666666666666,1.0,0.42125,0.24875,0.3333333333333333,0.0,0.0,0.0,0.4166666666666667,0.9166666666666666,0.405199121586432,0.8974985975035107,1,0.42125,0.14041666666666666,0
132,treatment_1,1.0,57.0,1.0,1.0,7.0,6.0,0.3333333333333333,1.0,0.2525,0.0,0.16666666666666666,0.0,0.0,0.0,0.16666666666666666,0.0,0.0,0.0,0.27083333333333337,0.4583333333333333,0.29534710836602357,0.31585634334137747,1,0.0,0.08416666666666667,0
133,treatment_2,1.0,32.0,1.0,3.0,11.0,2.0,0.6666666666666666,1.0,0.31125,0.19125,0.8333333333333334,1.0,0.5,0.5,0.6666666666666666,0.0,0.0,0.0,0.22916666666666669,0.8333333333333334,0.2155007048062852,0.7949969550606051,1,0.5,0.2704166666666667,0
134,treatment_3,1.0,32.0,3.0,2.0,12.0,8.0,0.16666666666666666,1.0,0.48,0.52,0.8333333333333334,0.0,0.0,0.0,0.16666666666666666,1.0,0.61625,0.6275,0.5208333333333333,0.37500000000000006,0.4783553471443126,0.41862687768306867,1,-0.61625,0.36541666666666667,0
135,treatment_4,2.0,24.0,1.0,1.0,13.0,6.0,0.6666666666666666,1.0,0.5,0.5,0.16666666666666666,0.0,0.0,0.0,0.6666666666666666,1.0,0.25,0.12375,0.3125,0.9583333333333334,0.3281990274086567,0.9530433538068944,1,-0.25,0.25,0
137,treatment_6,1.0,21.0,1.0,3.0,13.0,1.0,0.3333333333333333,0.0,0.0,0.0,0.8333333333333334,0.0,0.0,0.0,0.6666666666666666,0.0,0.0,0.0,0.37499999999999994,0.5416666666666667,0.3705632619807454,0.44111093644938165,1,0.0,0.0,1
139,treatment_2,2.0,63.0,1.0,1.0,14.0,8.0,0.16666666666666666,0.0,0.0,0.0,0.16666666666666666,0.0,0.0,0.0,0.16666666666666666,0.0,0.0,0.0,0.6458333333333334,0.6666666666666666,0.6778161365965563,0.6685258967434022,1,0.0,0.0,1
140,treatment_3,2.0,24.0,1.0,1.0,10.0,1.0,0.3333333333333333,0.0,0.0,0.0,0.3333333333333333,0.0,0.0,0.0,0.6666666666666666,0.0,0.0,0.0,0.49999999999999994,0.6666666666666666,0.546037047996928,0.6203181730960218,1,0.0,0.0,1
141,treatment_4,2.0,24.0,1.0,1.0,13.0,6.0,0.6666666666666666,1.0,0.3,0.3,0.6666666666666666,0.0,0.0,0.0,0.0,0.0,0.0,0.0,0.3541666666666667,0.9166666666666666,0.3581615716719587,0.8974985975035107,1,0.0,0.09999999999999999,0
142,treatment_5,2.0,24.0,1.0,1.0,13.0,6.0,0.3333333333333333,0.0,0.0,0.0,0.6666666666666666,1.0,0.24625,0.0,0.16666666666666666,0.0,0.0,0.0,0.37500000000000006,0.6666666666666667,0.36927889735688235,0.7446232583425374,1,0.24625,0.08208333333333333,0
143,treatment_6,1.0,39.0,2.0,1.0,5.0,8.0,0.16666666666666666,0.0,0.0,0.0,0.16666666666666666,0.0,0.0,0.0,0.16666666666666666,0.0,0.0,0.0,0.3125,0.41666666666666663,0.32268403265841233,0.2646055221199247,1,0.0,0.0,1
144,treatment_1,2.0,29.0,1.0,3.0,13.0,6.0,0.8333333333333334,1.0,0.26625,0.17375,0.3333333333333333,0.0,0.0,0.0,0.6666666666666666,1.0,0.6,0.75,0.4583333333333333,0.8333333333333333,0.47645673653515686,0.8753882517416715,1,-0.6,0.28875,0
145,treatment_2,2.0,20.0,2.0,3.0,12.0,8.0,0.3333333333333333,0.0,0.0,0.0,0.16666666666666666,0.0,0.0,0.0,0.3333333333333333,0.0,0.0,0.0,0.3125,0.875,0.3084730571975322,0.8950312947864532,1,0.0,0.0,1
146,treatment_3,1.0,20.0,1.0,3.0,13.0,4.0,0.3333333333333333,0.0,0.0,0.0,0.16666666666666666,0.0,0.0,0.0,0.3333333333333333,0.0,0.0,0.0,0.37500000000000006,0.41666666666666663,0.35394403377713984,0.3492907538829221,1,0.0,0.0,1
149,treatment_6,1.0,26.0,1.0,1.0,4.0,6.0,0.6666666666666666,1.0,0.5,0.5,0.6666666666666666,1.0,0.50125,0.49875,0.6666666666666666,1.0,0.0,0.0,0.5833333333333333,0.6666666666666666,0.6689592711262773,0.8397554303818551,1,0.50125,0.33375,0
150,treatment_1,2.0,53.0,1.0,4.0,8.0,6.0,0.16666666666666666,0.0,0.0,0.0,0.5,1.0,0.26,0.2,0.5,0.0,0.0,0.0,0.20833333333333334,0.20833333333333331,0.20202567222488718,0.10162451793952042,1,0.26,0.08666666666666667,0
151,treatment_2,1.0,56.0,1.0,2.0,8.0,6.0,0.3333333333333333,0.0,0.0,0.0,0.16666666666666666,0.0,0.0,0.0,0.3333333333333333,0.0,0.0,0.0,0.5416666666666666,0.9166666666666667,0.5535694417355217,0.9419881809259749,1,0.0,0.0,1
152,treatment_3,1.0,20.0,1.0,3.0,15.0,5.0,0.16666666666666666,0.0,0.0,0.0,0.16666666666666666,0.0,0.0,0.0,0.16666666666666666,0.0,0.0,0.0,0.47916666666666663,0.7916666666666666,0.4493636957931559,0.8729209490246138,1,0.0,0.0,1
153,treatment_4,1.0,20.0,2.0,3.0,13.0,8.0,0.3333333333333333,0.0,0.0,0.0,0.3333333333333333,0.0,0.0,0.0,0.3333333333333333,0.0,0.0,0.0,0.41666666666666663,0.6666666666666666,0.4240897720095448,0.7191684853602556,1,0.0,0.0,1
154,treatment_5,1.0,35.0,1.0,2.0,4.0,3.0,0.0,0.0,0.0,0.0,0.0,0.0,0.0,0.0,0.3333333333333333,0.0,0.0,0.0,0.37499999999999994,0.875,0.408967147699066,0.859129581527851,1,0.0,0.0,1
155,treatment_6,2.0,51.0,1.0,4.0,2.0,4.0,0.6666666666666666,1.0,0.4,0.9,0.16666666666666666,0.0,0.0,0.0,0.16666666666666666,0.0,0.0,0.0,0.4791666666666667,0.7083333333333334,0.47277436206085405,0.7618314364178462,1,0.0,0.13333333333333333,0
156,treatment_1,2.0,24.0,1.0,4.0,12.0,8.0,0.3333333333333333,0.0,0.0,0.0,0.0,1.0,0.2,0.0,0.0,0.0,0.0,0.0,0.2916666666666667,0.7083333333333334,0.19393550314499752,0.8020270847583794,1,0.2,0.06666666666666667,0
157,treatment_2,2.0,36.0,3.0,1.0,10.0,1.0,0.0,1.0,0.54875,0.4825,0.16666666666666666,0.0,0.0,0.0,0.16666666666666666,0.0,0.0,0.0,0.375,0.5,0.378441756592399,0.44935753135635464,1,0.0,0.18291666666666664,0
158,treatment_3,1.0,27.0,1.0,3.0,13.0,6.0,0.0,0.0,0.0,0.0,0.0,0.0,0.0,0.0,0.0,0.0,0.0,0.0,0.5625,0.8333333333333334,0.5966693718859297,0.9557795484227376,1,0.0,0.0,1
159,treatment_4,1.0,51.0,1.0,3.0,12.0,7.0,0.8333333333333334,1.0,0.5,0.5,0.3333333333333333,0.0,0.0,0.0,0.3333333333333333,0.0,0.0,0.0,0.125,1.0,0.08452249575652361,1.000000239946416,1,0.0,0.16666666666666666,0
160,treatment_5,1.0,25.0,1.0,2.0,7.0,1.0,0.3333333333333333,1.0,0.65,0.8,0.3333333333333333,1.0,0.40625,0.255,0.0,0.0,0.0,0.0,0.3958333333333333,0.625,0.3564367456449166,0.6234280807163387,1,0.40625,0.3520833333333333,0
161,treatment_6,2.0,70.0,1.0,4.0,14.0,1.0,0.16666666666666666,1.0,0.5,0.5,0.3333333333333333,1.0,0.38125,0.0,0.5,1.0,0.0,0.9,0.5833333333333334,1.0,0.6697836133931678,1.000000239946416,1,0.38125,0.29375,0
162,treatment_1,2.0,26.0,1.0,3.0,10.0,6.0,0.6666666666666666,1.0,0.37625,0.25,0.8333333333333334,0.0,0.0,0.0,0.8333333333333334,1.0,0.5,0.25,0.3125,0.9166666666666666,0.3088018453219795,0.977889894184577,1,-0.5,0.2920833333333333,0
163,treatment_2,2.0,18.0,1.0,3.0,13.0,6.0,0.8333333333333334,1.0,0.50125,0.49875,0.6666666666666666,1.0,0.5,0.5,0.5,1.0,0.5,0.5,0.3333333333333333,0.7916666666666666,0.35876916900969,0.7437461338391523,1,0.0,0.5004166666666666,0
164,treatment_3,1.0,25.0,1.0,1.0,8.0,4.0,0.16666666666666666,0.0,0.0,0.0,0.16666666666666666,0.0,0.0,0.0,0.16666666666666666,0.0,0.0,0.0,0.3333333333333333,0.24999999999999997,0.28977490155689545,0.25628654385484834,1,0.0,0.0,1
165,treatment_4,2.0,26.0,1.0,1.0,8.0,6.0,0.6666666666666666,1.0,0.5,0.5,0.6666666666666666,0.0,0.0,0.0,0.3333333333333333,0.0,0.0,0.0,0.35416666666666663,0.5416666666666666,0.32568496282133064,0.4858674772195561,1,0.0,0.16666666666666666,0
166,treatment_5,1.0,27.0,1.0,3.0,13.0,6.0,0.3333333333333333,1.0,0.3,0.85,0.6666666666666666,1.0,0.3225,0.25,0.3333333333333333,0.0,0.0,0.0,0.20833333333333331,0.9166666666666666,0.17915543664066974,0.8974985975035107,1,0.3225,0.20750000000000002,0
167,treatment_6,1.0,32.0,3.0,2.0,10.0,1.0,0.3333333333333333,1.0,0.0,0.0,0.16666666666666666,0.0,0.0,0.0,0.16666666666666666,0.0,0.0,0.0,0.6458333333333334,0.5833333333333333,0.6854765898816845,0.7013520746803475,1,0.0,0.0,1
168,treatment_1,1.0,29.0,1.0,2.0,12.0,6.0,0.5,1.0,0.25,0.10125,0.0,0.0,0.0,0.0,0.0,0.0,0.0,0.0,0.25,0.45833333333333337,0.22584994537305356,0.4407372234449079,1,0.0,0.08333333333333333,0
170,treatment_3,1.0,45.0,1.0,1.0,9.0,6.0,0.5,1.0,0.5,0.5,0.6666666666666666,1.0,0.5,0.5,0.5,1.0,0.505,0.49625,0.5833333333333333,0.8333333333333334,0.6469773773716191,0.7888439498662158,1,-0.0050000000000000044,0.5016666666666666,0
172,treatment_5,2.0,43.0,1.0,1.0,11.0,6.0,0.3333333333333333,0.0,0.0,0.0,0.5,1.0,0.3725,0.2025,0.3333333333333333,0.0,0.0,0.0,0.5208333333333334,0.625,0.5694499950673699,0.6513177186680934,1,0.3725,0.12416666666666666,0
173,treatment_6,2.0,42.0,1.0,1.0,11.0,1.0,0.5,0.0,0.0,0.0,0.5,0.0,0.0,0.0,0.5,0.0,0.0,0.0,0.4583333333333333,0.5833333333333333,0.4948740933215393,0.6252547130812123,1,0.0,0.0,1
174,treatment_1,2.0,61.0,1.0,1.0,7.0,6.0,0.3333333333333333,0.0,0.0,0.0,0.3333333333333333,0.0,0.0,0.0,0.3333333333333333,0.0,0.0,0.0,0.3958333333333333,0.5,0.4258581488587061,0.4702514119089952,1,0.0,0.0,1
175,treatment_2,1.0,18.0,1.0,3.0,13.0,6.0,0.5,0.0,0.0,0.0,0.16666666666666666,0.0,0.0,0.0,0.16666666666666666,0.0,0.0,0.0,0.4166666666666667,0.8333333333333334,0.402669783317412,0.8290395982067491,1,0.0,0.0,1
177,treatment_4,1.0,25.0,1.0,1.0,10.0,5.0,0.16666666666666666,0.0,0.0,0.0,0.3333333333333333,0.0,0.0,0.0,0.3333333333333333,1.0,0.20125,0.0,0.2708333333333333,0.7916666666666667,0.22731156826339666,0.7759297068728381,1,-0.20125,0.06708333333333334,0
178,treatment_5,2.0,29.0,1.0,1.0,9.0,5.0,0.6666666666666666,1.0,0.75,0.85,0.6666666666666666,0.0,0.0,0.0,0.5,0.0,0.0,0.0,0.0625,1.0,0.042261247878261805,1.000000239946416,1,0.0,0.25,0
180,treatment_1,1.0,32.0,3.0,1.0,13.0,8.0,0.16666666666666666,1.0,0.18,0.0,0.16666666666666666,0.0,0.0,0.0,0.3333333333333333,0.0,0.0,0.0,0.22916666666666666,0.5416666666666667,0.15866081315855865,0.6123404700878345,1,0.0,0.06,0
181,treatment_2,2.0,33.0,3.0,1.0,13.0,8.0,0.16666666666666666,0.0,0.0,0.0,0.0,0.0,0.0,0.0,0.16666666666666666,0.0,0.0,0.0,0.29166666666666663,0.5,0.19325351217633732,0.6519278858237683,1,0.0,0.0,1
182,treatment_3,1.0,51.0,1.0,1.0,10.0,1.0,0.3333333333333333,0.0,0.0,0.0,0.16666666666666666,0.0,0.0,0.0,0.16666666666666666,0.0,0.0,0.0,0.14583333333333331,0.7916666666666667,0.11810530871504095,0.8686270139426828,1,0.0,0.0,1
183,treatment_4,2.0,31.0,1.0,1.0,10.0,6.0,0.3333333333333333,1.0,0.2,0.1,0.5,1.0,0.75,0.85,0.5,1.0,0.185,0.0,0.3541666666666667,0.9583333333333334,0.36842191466560187,0.9425964135305741,1,0.565,0.37833333333333335,0
184,treatment_5,2.0,21.0,1.0,3.0,13.0,6.0,0.3333333333333333,0.0,0.0,0.0,0.0,0.0,0.0,0.0,0.16666666666666666,0.0,0.0,0.0,0.5833333333333333,1.0,0.6165882651318104,1.000000239946416,1,0.0,0.0,1
185,treatment_6,1.0,22.0,1.0,3.0,13.0,1.0,0.16666666666666666,0.0,0.0,0.0,0.3333333333333333,0.0,0.0,0.0,0.16666666666666666,0.0,0.0,0.0,0.24999999999999997,0.5833333333333334,0.26045956540731563,0.6191017078868231,1,0.0,0.0,1
186,treatment_1,2.0,32.0,1.0,4.0,5.0,8.0,0.16666666666666666,0.0,0.0,0.0,0.0,0.0,0.0,0.0,0.16666666666666666,0.0,0.0,0.0,0.6874999999999999,0.75,0.7112591230470191,0.7139649880273549,1,0.0,0.0,1
187,treatment_2,2.0,23.0,3.0,3.0,15.0,1.0,0.0,1.0,0.4875,0.74875,0.3333333333333333,1.0,0.54,0.6,1.0,0.0,0.0,0.0,0.25,0.25,0.2690098065974258,0.06633103728551767,1,0.54,0.3425,0
188,treatment_3,1.0,29.0,3.0,1.0,13.0,2.0,0.5,0.0,0.0,0.0,0.5,0.0,0.0,0.0,0.5,0.0,0.0,0.0,0.6666666666666666,0.7916666666666666,0.7519762595577042,0.8729209490246138,1,0.0,0.0,1
189,treatment_4,1.0,65.0,1.0,2.0,14.0,8.0,0.16666666666666666,0.0,0.0,0.0,0.16666666666666666,0.0,0.0,0.0,0.16666666666666666,0.0,0.0,0.0,0.3541666666666667,0.5833333333333334,0.3757101786822201,0.6019259675590988,1,0.0,0.0,1
190,treatment_5,2.0,21.0,1.0,1.0,15.0,6.0,0.3333333333333333,1.0,0.75,0.75,0.16666666666666666,0.0,0.0,0.0,0.16666666666666666,0.0,0.0,0.0,0.6249999999999999,0.875,0.650137606869101,0.9309330080450553,1,0.0,0.25,0
191,treatment_6,2.0,69.0,1.0,1.0,14.0,7.0,0.16666666666666666,0.0,0.0,0.0,0.16666666666666666,0.0,0.0,0.0,0.16666666666666666,0.0,0.0,0.0,0.25,0.7083333333333334,0.19238254533240026,0.6393854212837887,1,0.0,0.0,1
192,treatment_1,2.0,29.0,2.0,1.0,13.0,8.0,0.16666666666666666,0.0,0.0,0.0,0.16666666666666666,0.0,0.0,0.0,0.16666666666666666,0.0,0.0,0.0,0.4583333333333333,0.875,0.5333579897872182,0.9668347213036573,1,0.0,0.0,1
193,treatment_2,2.0,55.0,1.0,5.0,14.0,8.0,0.8333333333333334,1.0,0.57875,0.57625,0.6666666666666666,1.0,0.42,0.56,0.16666666666666666,1.0,0.15,0.5,0.6458333333333334,0.5833333333333334,0.6685627447634704,0.6445564808691048,1,0.27,0.3829166666666666,0
194,treatment_3,1.0,20.0,1.0,1.0,1.0,3.0,0.6666666666666666,0.0,0.0,0.0,0.5,0.0,0.0,0.0,0.0,1.0,0.46875,0.18,0.49999999999999994,0.75,0.5994319708784472,0.8259640628850922,1,-0.46875,0.15625,0
195,treatment_4,1.0,27.0,1.0,3.0,8.0,3.0,0.3333333333333333,0.0,0.0,0.0,0.16666666666666666,0.0,0.0,0.0,0.3333333333333333,0.0,0.0,0.0,0.5416666666666666,0.3333333333333333,0.5401411151562594,0.3499333587861815,1,0.0,0.0,1
196,treatment_5,1.0,23.0,1.0,3.0,8.0,7.0,0.16666666666666666,1.0,0.75,1.0,0.3333333333333333,0.0,0.0,0.0,0.3333333333333333,0.0,0.0,0.0,0.6666666666666667,0.6666666666666666,0.6229390051670537,0.6221772432084799,1,0.0,0.25,0
197,treatment_6,2.0,22.0,1.0,3.0,12.0,5.0,0.5,0.0,0.0,0.0,0.16666666666666666,0.0,0.0,0.0,0.16666666666666666,0.0,0.0,0.0,0.20833333333333331,0.7083333333333334,0.21319154107395114,0.7747132416636394,1,0.0,0.0,1
198,treatment_1,2.0,22.0,1.0,3.0,13.0,7.0,0.6666666666666666,0.0,0.0,0.0,0.16666666666666666,0.0,0.0,0.0,0.3333333333333333,0.0,0.0,0.0,0.2708333333333333,0.5,0.2720128158243074,0.4450635962744236,1,0.0,0.0,1
199,treatment_2,1.0,21.0,1.0,3.0,2.0,4.0,0.16666666666666666,0.0,0.0,0.0,0.16666666666666666,0.0,0.0,0.0,0.16666666666666666,0.0,0.0,0.0,0.2916666666666667,0.75,0.2760851819830889,0.749866701285957,1,0.0,0.0,1
200,treatment_3,1.0,21.0,3.0,2.0,2.0,8.0,0.6666666666666666,1.0,0.4,0.4,0.3333333333333333,1.0,0.5,0.5,0.3333333333333333,1.0,0.43875,0.43875,0.2708333333333333,0.6666666666666666,0.20952670682520205,0.7679520038646509,1,0.06125000000000003,0.44625000000000004,0
201,treatment_4,1.0,33.0,1.0,1.0,13.0,5.0,0.6666666666666666,1.0,0.5,0.5,0.6666666666666666,1.0,0.5,0.5,0.6666666666666666,1.0,0.50125,0.49875,0.875,0.9583333333333334,0.8787425291344297,0.9530433538068944,1,-0.0012499999999999734,0.5004166666666666,0
202,treatment_5,1.0,25.0,1.0,1.0,13.0,6.0,0.6666666666666666,1.0,0.75,0.85,0.16666666666666666,0.0,0.0,0.0,0.16666666666666666,0.0,0.0,0.0,0.3333333333333333,0.75,0.3184204820050619,0.678330232116463,1,0.0,0.25,0
203,treatment_6,2.0,41.0,1.0,2.0,7.0,6.0,0.16666666666666666,0.0,0.0,0.0,0.3333333333333333,0.0,0.0,0.0,0.16666666666666666,0.0,0.0,0.0,0.5208333333333333,0.4166666666666667,0.55785967853888,0.4500001362596141,1,0.0,0.0,1
204,treatment_1,1.0,64.0,1.0,5.0,14.0,2.0,0.5,1.0,0.315,0.2625,0.5,1.0,0.2,0.0,0.5,0.0,0.0,0.0,0.3958333333333333,0.7916666666666667,0.3842098704426877,0.7418870637266941,1,0.2,0.17166666666666666,0
205,treatment_2,2.0,61.0,1.0,4.0,10.0,2.0,0.5,1.0,0.1875,0.0,0.16666666666666666,0.0,0.0,0.0,0.16666666666666666,0.0,0.0,0.0,0.6666666666666666,0.625,0.6939927493350438,0.778057668884082,1,0.0,0.0625,0
206,treatment_3,2.0,40.0,1.0,1.0,7.0,3.0,0.3333333333333333,0.0,0.0,0.0,0.6666666666666666,1.0,0.35,0.35,0.16666666666666666,0.0,0.0,0.0,0.375,0.125,0.3990326486470944,0.10496894515996298,1,0.35,0.11666666666666665,0
207,treatment_4,1.0,27.0,1.0,1.0,13.0,1.0,0.0,0.0,0.0,0.0,0.0,0.0,0.0,0.0,0.0,0.0,0.0,0.0,0.10416666666666666,0.4166666666666667,0.0977335705729797,0.4527019585767972,1,0.0,0.0,1
208,treatment_5,2.0,24.0,3.0,3.0,13.0,8.0,0.0,0.0,0.0,0.0,0.16666666666666666,0.0,0.0,0.0,0.0,0.0,0.0,0.0,0.0,0.625,-0.0,0.5516246541991344,1,0.0,0.0,1
209,treatment_6,2.0,24.0,1.0,3.0,10.0,4.0,0.3333333333333333,0.0,0.0,0.0,0.3333333333333333,0.0,0.0,0.0,0.3333333333333333,0.0,0.0,0.0,0.18749999999999997,0.29166666666666663,0.19801738555594545,0.24188694375348613,1,0.0,0.0,1
210,treatment_1,1.0,35.0,1.0,1.0,7.0,1.0,0.3333333333333333,0.0,0.0,0.0,0.3333333333333333,0.0,0.0,0.0,0.16666666666666666,0.0,0.0,0.0,0.37500000000000006,0.375,0.3867089066675363,0.25784428432093615,1,0.0,0.0,1
211,treatment_2,1.0,23.0,1.0,1.0,13.0,1.0,0.3333333333333333,1.0,0.315,0.19,0.3333333333333333,0.0,0.0,0.0,0.16666666666666666,0.0,0.0,0.0,0.20833333333333331,0.4583333333333333,0.20585886954810234,0.47606314184649523,1,0.0,0.105,0
212,treatment_3,2.0,22.0,3.0,3.0,13.0,8.0,0.3333333333333333,1.0,0.3,0.3,0.3333333333333333,0.0,0.0,0.0,0.0,0.0,0.0,0.0,0.33333333333333337,0.5,0.254887428349073,0.5227530706383068,1,0.0,0.09999999999999999,0
213,treatment_4,1.0,20.0,1.0,3.0,13.0,4.0,0.3333333333333333,0.0,0.0,0.0,0.0,0.0,0.0,0.0,0.0,0.0,0.0,0.0,0.6041666666666667,0.45833333333333337,0.6487667496186057,0.3996988228996498,1,0.0,0.0,1
214,treatment_5,1.0,20.0,1.0,3.0,13.0,4.0,0.3333333333333333,0.0,0.0,0.0,0.0,0.0,0.0,0.0,0.16666666666666666,0.0,0.0,0.0,0.625,0.5833333333333334,0.6490511444927065,0.6123729078354191,1,0.0,0.0,1
215,treatment_6,1.0,19.0,1.0,3.0,13.0,6.0,0.3333333333333333,0.0,0.0,0.0,0.8333333333333334,1.0,0.3725,0.21625,0.3333333333333333,0.0,0.0,0.0,0.35416666666666663,0.7916666666666667,0.3311322276994624,0.7863766471491584,1,0.3725,0.12416666666666666,0
216,treatment_1,1.0,42.0,1.0,3.0,10.0,6.0,0.3333333333333333,0.0,0.0,0.0,0.3333333333333333,0.0,0.0,0.0,0.3333333333333333,1.0,0.5,0.25,0.16666666666666666,0.875,0.13930512287048774,0.9668347213036573,1,-0.5,0.16666666666666666,0
217,treatment_2,2.0,23.0,1.0,1.0,13.0,6.0,0.16666666666666666,0.0,0.0,0.0,0.0,0.0,0.0,0.0,0.0,0.0,0.0,0.0,0.6041666666666666,0.75,0.6290921540686227,0.6924953126176996,1,0.0,0.0,1
218,treatment_3,2.0,28.0,1.0,1.0,4.0,4.0,0.3333333333333333,0.0,0.0,0.0,0.6666666666666666,1.0,0.15,0.25,0.5,0.0,0.0,0.0,0.25,0.75,0.28920868757283147,0.8173761927212302,1,0.15,0.049999999999999996,0
219,treatment_4,1.0,25.0,1.0,1.0,13.0,6.0,0.3333333333333333,1.0,0.4,0.4,0.6666666666666666,1.0,0.75,0.75,0.16666666666666666,0.0,0.0,0.0,0.16666666666666666,0.9166666666666667,0.12392485704773762,0.9376942458440438,1,0.75,0.3833333333333333,0
220,treatment_5,2.0,19.0,1.0,3.0,13.0,6.0,0.3333333333333333,1.0,0.7,0.85,0.16666666666666666,0.0,0.0,0.0,0.0,0.0,0.0,0.0,0.4166666666666667,0.625,0.4452586181132948,0.6915133670086264,1,0.0,0.2333333333333333,0
221,treatment_6,2.0,22.0,1.0,3.0,13.0,1.0,0.3333333333333333,0.0,0.0,0.0,0.5,0.0,0.0,0.0,0.16666666666666666,0.0,0.0,0.0,0.27083333333333337,0.8333333333333334,0.24571795916004857,0.8394865384830694,1,0.0,0.0,1
222,treatment_1,1.0,26.0,1.0,1.0,11.0,2.0,0.3333333333333333,1.0,0.255,0.12625,0.16666666666666666,0.0,0.0,0.0,0.16666666666666666,0.0,0.0,0.0,0.47916666666666663,0.7083333333333334,0.4712631457805919,0.719776717964855,1,0.0,0.085,0
223,treatment_2,2.0,21.0,3.0,3.0,15.0,8.0,0.3333333333333333,0.0,0.0,0.0,0.6666666666666666,1.0,0.0,0.0,0.3333333333333333,0.0,0.0,0.0,0.4375,0.5,0.46411811935104214,0.500000119973208,1,0.0,0.0,1
224,treatment_3,2.0,30.0,3.0,1.0,10.0,1.0,0.3333333333333333,1.0,0.3,0.2,0.3333333333333333,0.0,0.0,0.0,0.16666666666666666,1.0,0.135,0.0,0.18749999999999997,0.8750000000000001,0.18685960553722833,0.8907373597045222,1,-0.135,0.145,0
225,treatment_4,2.0,18.0,1.0,3.0,13.0,6.0,0.6666666666666666,0.0,0.0,0.0,0.16666666666666666,0.0,0.0,0.0,0.3333333333333333,0.0,0.0,0.0,0.4583333333333333,0.6666666666666666,0.3941451027140062,0.6789728370197224,1,0.0,0.0,1
226,treatment_5,2.0,19.0,1.0,3.0,13.0,8.0,0.16666666666666666,0.0,0.0,0.0,0.0,0.0,0.0,0.0,0.0,0.0,0.0,0.0,0.6666666666666666,0.75,0.6816044441213647,0.7182589231092859,1,0.0,0.0,1
227,treatment_6,2.0,25.0,1.0,3.0,13.0,6.0,0.5,1.0,0.5,0.5,0.6666666666666666,1.0,0.49875,0.49625,0.6666666666666666,1.0,0.5,0.5,0.35416666666666663,0.9583333333333334,0.33948603369262526,0.9530433538068944,1,-0.0012499999999999734,0.4995833333333333,0
228,treatment_1,1.0,26.0,3.0,1.0,13.0,1.0,0.6666666666666666,1.0,0.30875,0.3175,0.8333333333333334,1.0,0.22,0.3,0.8333333333333334,1.0,0.2,0.2,0.41666666666666663,1.0,0.4490241410563989,1.000000239946416,1,0.01999999999999999,0.24291666666666667,0
229,treatment_2,2.0,20.0,1.0,3.0,13.0,8.0,0.6666666666666666,1.0,0.465,0.40125,0.16666666666666666,0.0,0.0,0.0,0.16666666666666666,0.0,0.0,0.0,0.5833333333333334,0.7083333333333333,0.5939558892248273,0.7216357880773132,1,0.0,0.155,0
230,treatment_3,2.0,21.0,1.0,3.0,13.0,1.0,0.3333333333333333,0.0,0.0,0.0,0.3333333333333333,1.0,0.25,0.0,0.8333333333333334,0.0,0.0,0.0,0.6458333333333333,0.8333333333333334,0.6548192583429953,0.8796821868236024,1,0.25,0.08333333333333333,0
231,treatment_4,2.0,24.0,1.0,1.0,13.0,6.0,0.5,1.0,0.06,0.36,0.0,0.0,0.0,0.0,0.0,0.0,0.0,0.0,0.4375,0.5,0.39574061418237905,0.5316078981498791,1,0.0,0.02,0
232,treatment_5,2.0,20.0,1.0,4.0,13.0,8.0,0.16666666666666666,0.0,0.0,0.0,0.16666666666666666,0.0,0.0,0.0,0.5,1.0,0.4,0.22,0.20833333333333334,0.9166666666666666,0.18368695570834642,0.977889894184577,1,-0.4,0.13333333333333333,0
233,treatment_6,2.0,30.0,1.0,1.0,10.0,5.0,0.16666666666666666,1.0,0.65,0.8,0.6666666666666666,1.0,0.50125,0.50375,0.6666666666666666,1.0,0.5,0.6,0.45833333333333337,1.0,0.48008799701037747,1.000000239946416,1,0.0012499999999999734,0.5504166666666667,0
234,treatment_1,1.0,23.0,1.0,2.0,8.0,2.0,0.3333333333333333,0.0,0.0,0.0,0.0,0.0,0.0,0.0,0.16666666666666666,0.0,0.0,0.0,0.5625,0.9166666666666667,0.551768165486604,0.9419881809259749,1,0.0,0.0,1
235,treatment_2,2.0,42.0,1.0,4.0,15.0,3.0,0.8333333333333334,1.0,0.49625,0.2725,0.16666666666666666,0.0,0.0,0.0,0.16666666666666666,0.0,0.0,0.0,0.6875,1.0,0.6834157755360051,1.000000239946416,1,0.0,0.16541666666666668,0
236,treatment_3,1.0,22.0,1.0,3.0,15.0,6.0,0.5,0.0,0.0,0.0,0.16666666666666666,0.0,0.0,0.0,0.16666666666666666,0.0,0.0,0.0,0.1875,0.5416666666666667,0.17281546321773622,0.5233613032429061,1,0.0,0.0,1
237,treatment_4,2.0,55.0,1.0,2.0,11.0,6.0,0.5,1.0,0.5,0.4,0.0,0.0,0.0,0.0,0.8333333333333334,1.0,0.37625,0.33375,0.14583333333333331,0.75,0.12909625559237006,0.6924953126176996,1,-0.37625,0.2920833333333333,0
238,treatment_5,1.0,23.0,1.0,1.0,8.0,5.0,0.6666666666666666,0.0,0.0,0.0,0.5,0.0,0.0,0.0,0.6666666666666666,0.0,0.0,0.0,0.27083333333333337,0.7083333333333334,0.22515192642175613,0.8063210198403106,1,0.0,0.0,1
239,treatment_6,2.0,23.0,1.0,3.0,9.0,5.0,0.6666666666666666,1.0,0.5,0.5,0.6666666666666666,1.0,0.50125,0.49875,0.8333333333333334,1.0,0.5,0.5,0.4375,0.9583333333333334,0.4696569231919108,0.9530433538068944,1,0.0012499999999999734,0.5004166666666666,0
240,treatment_1,1.0,34.0,1.0,3.0,10.0,6.0,0.6666666666666666,1.0,0.49625,0.4875,0.6666666666666666,1.0,0.5,0.5,0.3333333333333333,1.0,0.25,0.75,0.1875,0.75,0.1739312233586077,0.6930711074747142,1,0.25,0.4154166666666667,0
242,treatment_3,1.0,55.0,1.0,2.0,8.0,1.0,0.6666666666666666,1.0,0.5,0.5,0.6666666666666666,1.0,0.5,0.5,0.3333333333333333,0.0,0.0,0.0,0.16666666666666666,0.875,0.15859023469921396,0.8400947710876686,1,0.5,0.3333333333333333,0
244,treatment_5,2.0,20.0,1.0,3.0,13.0,7.0,0.3333333333333333,1.0,0.5,0.2,0.5,0.0,0.0,0.0,0.3333333333333333,0.0,0.0,0.0,0.49999999999999994,0.75,0.5230078498023026,0.9336692026608985,1,0.0,0.16666666666666666,0
245,treatment_6,2.0,21.0,1.0,3.0,13.0,7.0,0.5,1.0,0.35,0.5,0.6666666666666666,1.0,0.26875,0.16,0.6666666666666666,0.0,0.0,0.0,0.37499999999999994,0.6666666666666666,0.40105408910429846,0.6666668266309441,1,0.26875,0.20624999999999996,0
246,treatment_1,1.0,43.0,3.0,1.0,10.0,2.0,0.3333333333333333,0.0,0.0,0.0,0.3333333333333333,0.0,0.0,0.0,0.3333333333333333,0.0,0.0,0.0,0.3333333333333333,0.5833333333333334,0.3769948888302829,0.5239695358475054,1,0.0,0.0,1
247,treatment_2,1.0,57.0,1.0,5.0,11.0,6.0,0.5,0.0,0.0,0.0,0.16666666666666666,0.0,0.0,0.0,0.16666666666666666,0.0,0.0,0.0,0.1875,0.5,0.13043454067144275,0.45121660146881276,1,0.0,0.0,1
248,treatment_3,1.0,33.0,2.0,1.0,10.0,1.0,0.0,0.0,0.0,0.0,0.16666666666666666,0.0,0.0,0.0,0.0,0.0,0.0,0.0,0.0625,0.25,0.05076603133336278,0.06633103728551767,1,0.0,0.0,1
249,treatment_4,1.0,29.0,3.0,1.0,13.0,8.0,0.5,0.0,0.0,0.0,0.3333333333333333,0.0,0.0,0.0,0.3333333333333333,0.0,0.0,0.0,0.5416666666666667,0.2916666666666667,0.4942092662347628,0.1534835717655725,1,0.0,0.0,1
250,treatment_5,1.0,28.0,3.0,1.0,5.0,5.0,0.5,1.0,0.6,0.4,0.0,1.0,0.0,0.0,0.3333333333333333,1.0,0.46,0.54,0.7291666666666667,0.75,0.7021304635391095,0.9336692026608985,1,-0.46,0.35333333333333333,0
251,treatment_6,1.0,55.0,1.0,1.0,8.0,5.0,0.6666666666666666,1.0,0.5,0.5,0.5,1.0,0.50125,0.3725,0.6666666666666666,1.0,0.38,0.18,0.6666666666666666,1.0,0.7599448470566721,1.000000239946416,1,0.12124999999999997,0.4604166666666667,0
252,treatment_1,2.0,54.0,1.0,1.0,11.0,1.0,0.6666666666666666,1.0,0.5,0.5,0.8333333333333334,1.0,0.5,0.5,0.16666666666666666,0.0,0.0,0.0,0.2916666666666667,0.5833333333333334,0.29887922433885133,0.47390274208766675,1,0.5,0.3333333333333333,0
253,treatment_2,1.0,21.0,1.0,3.0,13.0,6.0,0.3333333333333333,1.0,0.25,0.25,0.16666666666666666,0.0,0.0,0.0,0.3333333333333333,0.0,0.0,0.0,0.375,0.7916666666666667,0.3649945662042333,0.7968235874254787,1,0.0,0.08333333333333333,0
254,treatment_3,1.0,70.0,1.0,3.0,12.0,7.0,0.8333333333333334,1.0,0.4,0.2,0.6666666666666666,1.0,0.7,0.65,1.0,1.0,0.40625,0.25,0.6041666666666667,0.75,0.549265011297007,0.7946232420561313,1,0.29374999999999996,0.5020833333333333,0
255,treatment_4,1.0,63.0,1.0,6.0,5.0,7.0,0.0,1.0,0.0,0.4,0.16666666666666666,0.0,0.0,0.0,0.16666666666666666,0.0,0.0,0.0,0.20833333333333334,0.7499999999999999,0.1843335544361199,0.7900623496264901,1,0.0,0.0,1
256,treatment_5,1.0,29.0,1.0,1.0,13.0,1.0,0.16666666666666666,0.0,0.0,0.0,0.6666666666666666,1.0,0.40125,0.23,0.16666666666666666,0.0,0.0,0.0,0.10416666666666666,0.375,0.09004221898704018,0.21764863598040302,1,0.40125,0.13375,0
257,treatment_6,1.0,36.0,3.0,1.0,9.0,8.0,0.5,0.0,0.0,0.0,0.5,0.0,0.0,0.0,0.3333333333333333,0.0,0.0,0.0,0.1875,0.7083333333333333,0.14652869538382426,0.7179176478523968,1,0.0,0.0,1
258,treatment_1,2.0,21.0,1.0,2.0,8.0,6.0,0.0,0.0,0.0,0.0,0.0,0.0,0.0,0.0,0.0,0.0,0.0,0.0,0.6041666666666667,0.7916666666666667,0.5712241023262088,0.7839417821796856,1,0.0,0.0,1
259,treatment_2,1.0,30.0,1.0,1.0,11.0,6.0,0.5,0.0,0.0875,0.0,0.16666666666666666,0.0,0.0,0.0,0.5,1.0,0.5,0.5,0.5,0.875,0.49127312664756406,0.8864434246225911,1,-0.5,0.19583333333333333,0
260,treatment_3,2.0,18.0,1.0,3.0,13.0,4.0,0.6666666666666666,1.0,0.4,0.3,0.16666666666666666,0.0,0.0,0.0,0.3333333333333333,0.0,0.0,0.0,0.375,0.7083333333333333,0.3593186552387335,0.6498323615601089,1,0.0,0.13333333333333333,0
261,treatment_4,2.0,20.0,1.0,3.0,13.0,4.0,0.6666666666666666,0.0,0.0,0.0,0.5,0.0,0.0,0.0,0.5,1.0,0.2475,0.24125,0.3958333333333333,0.7083333333333333,0.426865044527262,0.8422227330989127,1,-0.2475,0.0825,0
262,treatment_5,2.0,25.0,1.0,1.0,13.0,1.0,0.5,0.0,0.0,0.0,0.0,0.0,0.0,0.0,0.0,0.0,0.0,0.0,0.10416666666666666,0.5833333333333333,0.12318027587972372,0.6252547130812123,1,0.0,0.0,1
264,treatment_1,1.0,27.0,1.0,3.0,13.0,6.0,0.3333333333333333,1.0,0.125,0.125,0.3333333333333333,0.0,0.0,0.0,0.3333333333333333,0.0,0.0,0.0,0.2708333333333333,0.5833333333333333,0.27110890684957833,0.47762088231258304,1,0.0,0.041666666666666664,0
265,treatment_2,2.0,19.0,1.0,3.0,13.0,6.0,0.3333333333333333,1.0,0.31,0.19125,0.6666666666666666,1.0,0.4,0.3,0.16666666666666666,0.0,0.0,0.0,0.7916666666666666,0.7083333333333334,0.8091998245487952,0.719776717964855,1,0.4,0.23666666666666666,0
266,treatment_3,2.0,23.0,1.0,1.0,13.0,1.0,0.16666666666666666,0.0,0.0,0.0,0.16666666666666666,0.0,0.0,0.0,0.16666666666666666,0.0,0.0,0.0,0.35416666666666663,0.4583333333333333,0.3125925690687042,0.5518935460979203,1,0.0,0.0,1
267,treatment_4,2.0,26.0,1.0,1.0,13.0,7.0,0.6666666666666666,1.0,0.5,0.5,0.6666666666666666,1.0,0.5,0.5,0.6666666666666666,1.0,0.49875,0.49875,0.25,0.9166666666666667,0.25216540045591856,0.9419881809259749,1,0.0012499999999999734,0.4995833333333333,0
268,treatment_5,3.0,18.0,1.0,3.0,13.0,7.0,0.0,0.0,0.0,0.0,0.5,0.0,0.0,0.0,0.16666666666666666,0.0,0.0,0.0,0.75,0.75,0.7166828863907527,0.7142319453750652,1,0.0,0.0,1
269,treatment_6,2.0,27.0,1.0,3.0,10.0,5.0,0.6666666666666666,1.0,0.7,0.7,0.8333333333333334,1.0,0.50375,0.465,0.6666666666666666,1.0,0.74,0.9,0.6041666666666666,0.8333333333333334,0.610881783093833,0.8271805280942909,1,-0.23624999999999996,0.6479166666666666,0
270,treatment_1,1.0,22.0,1.0,1.0,13.0,3.0,0.3333333333333333,0.0,0.0,0.0,0.0,0.0,0.0,0.0,0.16666666666666666,0.0,0.0,0.0,0.4791666666666667,0.5833333333333333,0.4847638827341136,0.5046677680596129,1,0.0,0.0,1
271,treatment_2,2.0,21.0,1.0,3.0,13.0,6.0,0.6666666666666666,1.0,0.37625,0.25,0.16666666666666666,0.0,0.0,0.0,0.8333333333333334,1.0,0.5,0.5,0.3958333333333333,0.875,0.40259533419448157,0.8462477762820578,1,-0.5,0.2920833333333333,0
272,treatment_3,2.0,23.0,1.0,3.0,9.0,6.0,0.5,1.0,0.4,0.4,0.16666666666666666,0.0,0.0,0.0,0.5,0.0,0.0,0.0,0.375,0.9166666666666667,0.36147829708037404,0.9419881809259749,1,0.0,0.13333333333333333,0
